Candidate_Name,Candidate_Party,State,District,Is_Incumbent?,Is_Winner,Percent_of_Vote_(%),Money_Raised_($),Money_Spent_($)
Jerry Carl,Republican,Alabama,1,No,Yes,64.9,1971321,1859349
James Averhart,Democrat,Alabama,1,No,No,35.0,80095,78973
Barry Moore,Republican,Alabama,2,No,Yes,65.3,650807,669368
Phyllis Harvey-Hall,Democrat,Alabama,2,No,No,34.6,56050,55988
Mike D Rogers,Republican,Alabama,3,Yes,Yes,67.5,1193111,1218564
Adia Winfrey,Democrat,Alabama,3,No,No,32.4,50273,40971
Robert B Aderholt,Republican,Alabama,4,Yes,Yes,82.5,1255076,1323812
Mo Brooks,Republican,Alabama,5,Yes,Yes,95.8,655365,210045
Gary Palmer,Republican,Alabama,6,Yes,Yes,97.1,907219,909082
Terri Sewell,Democrat,Alabama,7,Yes,Yes,97.2,2168165,1495957
Don Young,Republican,Alaska,1,Yes,Yes,54.4,1922901,1790448
Alyse Galvin,Independent,Alaska,1,No,No,45.3,5178452,5088103
Tom O'Halleran,Democrat,Arizona,1,Yes,Yes,51.6,3381353,3324138
Tiffany Shedd,Republican,Arizona,1,No,No,48.4,1675618,1615704
Ann Kirkpatrick,Democrat,Arizona,2,Yes,Yes,55.1,1849862,1384765
Brandon Martin,Republican,Arizona,2,No,No,44.9,374821,381067
Raul M Grijalva,Democrat,Arizona,3,Yes,Yes,64.6,843560,655507
Daniel Wood,Republican,Arizona,3,No,No,35.4,41422,41962
Paul Gosar,Republican,Arizona,4,Yes,Yes,69.8,622151,729892
Delina DiSanto,Democrat,Arizona,4,No,No,30.2,77168,79758
Andy Biggs,Republican,Arizona,5,Yes,Yes,58.9,1602181,1236380
Joan Greene,Democrat,Arizona,5,No,No,41.1,356069,209789
David Schweikert,Republican,Arizona,6,Yes,Yes,52.2,2265329,2249979
Hiral Tipirneni,Democrat,Arizona,6,No,No,47.8,6301073,6366702
Tom Lewellen,Independent,Arizona,6,No,No,,11685,11000
Ruben Gallego,Democrat,Arizona,7,Yes,Yes,76.7,1811754,1653961
Josh Barnett,Republican,Arizona,7,No,No,23.3,28093,17883
Debbie Lesko,Republican,Arizona,8,Yes,Yes,59.6,1605245,987453
Michael Muscato,Democrat,Arizona,8,No,No,40.4,357906,347734
Greg Stanton,Democrat,Arizona,9,Yes,Yes,61.6,2001619,1001350
Dave Giles,Republican,Arizona,9,No,No,38.4,130480,129935
Rick Crawford,Republican,Arkansas,1,Yes,Yes,100.0,966801,1095518
French Hill,Republican,Arkansas,2,Yes,Yes,55.4,3384490,3020491
Joyce Elliott,Democrat,Arkansas,2,No,No,44.6,3482463,3478733
Steve Womack,Republican,Arkansas,3,Yes,Yes,64.3,1127158,923120
Celeste Williams,Democrat,Arkansas,3,No,No,31.8,355294,355294
Bruce Westerman,Republican,Arkansas,4,Yes,Yes,69.7,1407770,1102573
William Hanson,Democrat,Arkansas,4,No,No,27.5,109767,111683
Doug LaMalfa,Republican,California,1,Yes,Yes,56.9,1219556,1155945
Audrey Denney,Democrat,California,1,No,No,43.1,2461769,2457661
Jared Huffman,Democrat,California,2,Yes,Yes,75.7,899419,797753
Dale Mensing,Republican,California,2,No,No,24.3,5921,2197
John Garamendi,Democrat,California,3,Yes,Yes,54.7,1054066,667320
Tamika Hamilton,Republican,California,3,No,No,45.3,397099,384584
Tom McClintock,Republican,California,4,Yes,Yes,55.9,2053363,2107248
Brynne Kennedy,Democrat,California,4,No,No,44.1,3006020,3002532
Mike Thompson,Democrat,California,5,Yes,Yes,76.8,2208136,2022751
Doris Matsui,Democrat,California,6,Yes,Yes,73.4,1019605,1073529
Chris Bish,Republican,California,6,No,No,26.6,44772,44554
Ami Bera,Democrat,California,7,Yes,Yes,56.6,1757748,1053444
Buzz Patterson,Republican,California,7,No,No,43.4,43876,29614
Jay Obernolte,Republican,California,8,No,Yes,56.1,1861647,1792064
Chris Bubser,Democrat,California,8,No,No,43.9,1858001,1856613
Jerry McNerney,Democrat,California,9,Yes,Yes,57.6,1177959,1112543
Tony Amador,Republican,California,9,No,No,42.4,52175,52175
Josh Harder,Democrat,California,10,Yes,Yes,55.2,7400135,3950613
Ted Howze,Republican,California,10,No,No,44.8,1426552,1721882
Mark Desaulnier,Democrat,California,11,Yes,Yes,73.0,610394,440537
Nisha Sharma,Republican,California,11,No,No,27.0,174954,171870
Nancy Pelosi,Democrat,California,12,Yes,Yes,77.6,27359508,22064953
Shahid Buttar,Democrat,California,12,No,No,22.4,1672876,1650467
Barbara Lee,Democrat,California,13,Yes,Yes,90.4,1828213,1750142
Nikka Piterman,Republican,California,13,No,No,9.6,9839,9904
Jackie Speier,Democrat,California,14,Yes,Yes,79.3,942934,919599
Eric Swalwell,Democrat,California,15,Yes,Yes,70.9,2807774,3977839
Jim Costa,Democrat,California,16,Yes,Yes,59.3,2135525,1835244
Kevin Cookingham,Republican,California,16,No,No,40.7,265364,265364
Ro Khanna,Democrat,California,17,Yes,Yes,71.3,3837982,2455457
Ritesh Tandon,Republican,California,17,No,No,28.7,175536,175015
Anna Eshoo,Democrat,California,18,Yes,Yes,63.2,2114909,2059158
Rishi Kumar,Democrat,California,18,No,No,36.8,674383,691938
Zoe Lofgren,Democrat,California,19,Yes,Yes,71.7,1755555,1731700
Justin Aguilera,Republican,California,19,No,No,28.3,9112,11542
Jimmy Panetta,Democrat,California,20,Yes,Yes,76.8,2009894,1592671
Jeff Gorman,Republican,California,20,No,No,23.2,67634,64947
TJ Cox,Democrat,California,21,Yes,No,49.6,5695157,5694005
David Valadao,Republican,California,21,No,Yes,50.4,4067880,3982587
Devin Nunes,Republican,California,22,Yes,Yes,54.2,26825212,20156093
Phil Arballo,Democrat,California,22,No,No,45.8,5091451,5062185
Kevin McCarthy,Republican,California,23,Yes,Yes,62.1,27780644,24265583
Kim Mangone,Democrat,California,23,No,No,37.9,1671101,1665373
Salud Carbajal,Democrat,California,24,Yes,Yes,58.7,2117836,1451622
Andy Caldwell,Republican,California,24,No,No,41.3,1298798,1268199
Mike Garcia,Republican,California,25,Yes,Yes,50.0,9962507,9584648
Christy Smith,Democrat,California,25,No,No,50.0,5977734,5808477
Julia Brownley,Democrat,California,26,Yes,Yes,60.6,1976695,1314677
Ronda Kennedy,Republican,California,26,No,No,39.4,246226,67208
Judy Chu,Democrat,California,27,Yes,Yes,69.8,1213706,956298
Johnny Nalbandian,Republican,California,27,No,No,30.2,39584,39159
Adam Schiff,Democrat,California,28,Yes,Yes,72.7,19382855,10188664
Eric Early,Republican,California,28,No,No,27.3,4085322,3790027
Tony Cardenas,Democrat,California,29,Yes,Yes,56.6,1419697,1213588
Angelica Duenas,3rd Party,California,29,No,No,43.4,78083,76627
Brad Sherman,Democrat,California,30,Yes,Yes,69.5,1513374,1111826
Pete Aguilar,Democrat,California,31,Yes,Yes,61.3,2475748,1861434
Agnes Gibboney,Republican,California,31,No,No,38.7,138687,127907
Grace Napolitano,Democrat,California,32,Yes,Yes,66.6,478426,251047
Joshua Scott,Republican,California,32,No,No,33.4,23624,14248
Ted Lieu,Democrat,California,33,Yes,Yes,67.6,1661436,1582573
James Bradley,Republican,California,33,No,No,32.4,78910,79035
Jimmy Gomez,Democrat,California,34,Yes,Yes,53.0,1401166,1268312
David Kim,Democrat,California,34,No,No,47.0,193430,80381
Norma Torres,Democrat,California,35,Yes,Yes,69.3,654727,664600
Mike Cargile,Republican,California,35,No,No,30.7,36113,35915
Raul Ruiz,Democrat,California,36,Yes,Yes,60.3,2402624,1732443
Erin Cruz,Republican,California,36,No,No,39.7,54217,53840
Karen Bass,Democrat,California,37,Yes,Yes,85.9,2216467,1202942
Errol Webber,Republican,California,37,No,No,14.1,66398,174076
Linda Sanchez,Democrat,California,38,Yes,Yes,74.3,1246008,1140165
Gil Cisneros,Democrat,California,39,Yes,No,49.4,4370133,4350464
Young Kim,Republican,California,39,No,Yes,50.6,6424556,6021651
Lucille Roybal-Allard,Democrat,California,40,Yes,Yes,72.7,739790,741379
Antonio Delgado,Republican,California,40,No,No,27.3,85014,79270
Mark Takano,Democrat,California,41,Yes,Yes,64.0,1020456,949494
Aja Smith,Republican,California,41,No,No,36.0,660658,659909
Ken Calvert,Republican,California,42,Yes,Yes,57.1,1441812,1549113
Liam O'Mara,Democrat,California,42,No,No,42.9,130065,128782
Maxine Waters,Democrat,California,43,Yes,Yes,71.7,1836660,1906957
Joe Collins,Republican,California,43,No,No,28.3,10556626,9921103
Nanette Barragan,Democrat,California,44,Yes,Yes,67.8,1173909,714023
Katie Porter,Democrat,California,45,Yes,Yes,53.5,16627706,6443700
Greg Raths,Republican,California,45,No,No,46.5,1245767,1241713
Lou Correa,Democrat,California,46,Yes,Yes,68.8,1192715,650707
Alan Lowenthal,Democrat,California,47,Yes,Yes,63.3,678648,854902
John Briscoe,Republican,California,47,No,No,36.7,25302,21538
Harley Rouda,Democrat,California,48,Yes,No,48.9,5968858,6174443
Michelle Steel,Republican,California,48,No,Yes,51.1,6305665,6148591
Mike Levin,Democrat,California,49,Yes,Yes,53.1,3845768,2901566
Brian Maryott,Republican,California,49,No,No,46.9,2810253,2808217
Darrell Issa,Republican,California,50,No,Yes,54.0,11239670,10947106
Ammar Campa-Najjar,Democrat,California,50,No,No,46.0,6248210,6247762
Juan Vargas,Democrat,California,51,Yes,Yes,68.3,799734,801671
Juan Hidalgo,Republican,California,51,No,No,31.7,83730,81182
Scott Peters,Democrat,California,52,Yes,Yes,61.6,1911791,2131849
James Debello,Republican,California,52,No,No,38.4,233464,224630
Diana DeGette,Democrat,Colorado,1,Yes,Yes,73.7,1201026,1077130
Joseph Neguse,Democrat,Colorado,2,Yes,Yes,61.5,1353325,674602
Charles Winn,Republican,Colorado,2,No,No,35.4,98338,98338
Alex Johnson,Independent,Colorado,2,No,No,,4782,4093
Diane Mitsch Bush,Democrat,Colorado,3,No,No,45.2,5008274,4984238
Lauren Boebert,Republican,Colorado,3,No,Yes,51.4,2989510,2632716
Chris Milton,3rd Party,Colorado,3,No,No,1.0,12012,12012
Ken Buck,Republican,Colorado,4,Yes,Yes,60.1,478984,539393
Ike McCorkle,Democrat,Colorado,4,No,No,36.1,369871,217398
Doug Lamborn,Republican,Colorado,5,Yes,Yes,57.6,540712,329011
Jillian Freeland,Democrat,Colorado,5,No,No,37.4,185255,175548
Rebecca Keltie,3rd Party,Colorado,5,No,No,0.8,2552,1495
Jason Crow,Democrat,Colorado,6,Yes,Yes,57.1,4136137,2892443
Steven House,Republican,Colorado,6,No,No,40.0,1200056,1198044
Jaimie Kulikowski,3rd Party,Colorado,6,No,No,0.9,72293,110645
Ed Perlmutter,Democrat,Colorado,7,Yes,Yes,59.1,1632262,1339482
Casper Stockham,Republican,Colorado,7,No,No,37.6,147872,147872
Anthony Malgieri,Independent,Colorado,7,No,No,,1930,1958
Yadira Caraveo,Democrat,Colorado,8,Yes,Yes,,783466,175581
John Larson,Democrat,Connecticut,1,Yes,Yes,63.7,1377238,1323690
Mary Fay,Republican,Connecticut,1,No,No,35.0,26836,25118
Joe Courtney,Democrat,Connecticut,2,Yes,Yes,59.4,964731,999360
Justin Anderson,Republican,Connecticut,2,No,No,38.2,80227,78767
Rosa DeLauro,Democrat,Connecticut,3,Yes,Yes,58.7,1938999,1795635
Margaret Streicker,Republican,Connecticut,3,No,No,39.8,1839080,1835385
Justin Paglino,3rd Party,Connecticut,3,No,No,1.5,29200,28670
Jim Himes,Democrat,Connecticut,4,Yes,Yes,62.3,1612935,2180029
Jonathan Riddle,Republican,Connecticut,4,No,No,36.2,31591,17385
Jahana Hayes,Democrat,Connecticut,5,Yes,Yes,55.1,2037826,1564685
David Sullivan,Republican,Connecticut,5,No,No,43.5,397395,397370
Lisa Blunt Rochester,Democrat,Delaware,1,Yes,Yes,57.6,2024201,1305618
Lee Murphy,Republican,Delaware,1,No,No,40.2,131394,131862
Catherine Purcell,Independent,Delaware,1,No,No,1.4,5344,5103
Matt Gaetz,Republican,Florida,1,Yes,Yes,64.6,5946646,4482782
Phil Ehr,Democrat,Florida,1,No,No,34.0,2025099,1900451
Bert Oram,Independent,Florida,1,No,No,1.4,8108,7070
Neal Dunn,Republican,Florida,2,Yes,Yes,98.0,653488,637580
Kristy Thripp,Independent,Florida,2,No,No,,145,145
Kat Cammack,Republican,Florida,3,No,Yes,57.1,1122188,1090334
Adam Christensen,Democrat,Florida,3,No,No,42.9,216021,219108
John Rutherford,Republican,Florida,4,Yes,Yes,61.1,1024912,1283701
Donna Deegan,Democrat,Florida,4,No,No,38.9,1013157,1013157
Al Lawson,Democrat,Florida,5,Yes,Yes,65.1,848498,695779
Gary Adler,Republican,Florida,5,No,No,34.9,146909,146909
Michael Waltz,Republican,Florida,6,Yes,Yes,60.6,2549667,1716768
Clint Curtis,Democrat,Florida,6,No,No,39.4,24310,22251
Gerry Nolan,Independent,Florida,6,No,No,,4467,5256
Stephanie Murphy,Democrat,Florida,7,Yes,Yes,55.3,3124692,1798549
Leo Valentin,Republican,Florida,7,No,No,43.2,1045426,1031316
Bill Garlington,Independent,Florida,7,No,No,1.4,11000,0
Bill Posey,Republican,Florida,8,Yes,Yes,61.4,985268,1121834
James Kennedy,Democrat,Florida,8,No,No,38.6,138568,138790
Darren Soto,Democrat,Florida,9,Yes,Yes,56.0,1111750,945868
William Olson,Republican,Florida,9,No,No,44.0,404406,401088
Val Demings,Democrat,Florida,10,Yes,Yes,63.6,1876047,1191020
Vennia Francois,Republican,Florida,10,No,No,36.4,335480,332852
Kristofer Steven Lawson,Independent,Florida,10,No,No,,47,47
Daniel Webster,Republican,Florida,11,Yes,Yes,66.7,691261,586965
Dana Cottrell,Democrat,Florida,11,No,No,33.3,62658,62380
Gus Bilirakis,Republican,Florida,12,Yes,Yes,62.9,1604137,1548634
Kim Walker,Democrat,Florida,12,No,No,37.1,42802,33544
Charlie Crist,Democrat,Florida,13,Yes,Yes,53.0,2720646,3980695
Anna Paulina Luna,Republican,Florida,13,No,No,47.0,3302944,3262236
Kathy Castor,Democrat,Florida,14,Yes,Yes,60.3,884651,1201653
Christine Quinn,Republican,Florida,14,No,No,39.7,242144,241187
Alan Cohn,Democrat,Florida,15,No,No,44.6,2333053,2300197
Scott Franklin,Republican,Florida,15,No,Yes,55.4,1663898,1638417
Vernon Buchanan,Republican,Florida,16,Yes,Yes,55.5,3094611,3100766
Margaret Good,Democrat,Florida,16,No,No,44.5,3411924,3407845
Greg Steube,Republican,Florida,17,Yes,Yes,64.6,759908,621200
Allen Ellison,Democrat,Florida,17,No,No,34.1,83481,78243
Brian Mast,Republican,Florida,18,Yes,Yes,56.4,6128177,5301307
Pam Keith,Democrat,Florida,18,No,No,41.5,1639873,1632736
Byron Donalds,Republican,Florida,19,No,Yes,61.3,3219579,2738685
Cindy Banyai,Democrat,Florida,19,No,No,38.7,214750,203430
Alcee Hastings,Democrat,Florida,20,Yes,Yes,78.7,607649,543316
Greg Musselwhite,Republican,Florida,20,No,No,21.3,28955,27538
Lois Frankel,Democrat,Florida,21,Yes,Yes,59.0,1534882,1309786
Laura Loomer,Republican,Florida,21,No,No,39.1,2271604,2240689
Charleston Malkemus,Independent,Florida,21,No,No,1.9,28928,28636
Ted Deutch,Democrat,Florida,22,Yes,Yes,58.6,1364438,1265494
Jim Pruden,Republican,Florida,22,No,No,41.4,278416,278416
Debbie Wasserman Schultz,Democrat,Florida,23,Yes,Yes,58.2,2191922,1979903
Carla Spalding,Republican,Florida,23,No,No,41.8,919579,903561
Frederica Wilson,Democrat,Florida,24,Yes,Yes,75.6,412592,321019
Lavern Spicer,Republican,Florida,24,No,No,20.4,34973,34909
Christine Olivo,Independent,Florida,24,No,No,4.0,31646,32898
Mario Diaz-Balart,Republican,Florida,25,Yes,Yes,100.0,1590134,804054
Debbie Mucarsel-Powell,Democrat,Florida,26,Yes,No,48.3,6793521,6822740
Carlos Gimenez,Republican,Florida,26,No,Yes,51.7,2226559,2187389
Donna Shalala,Democrat,Florida,27,Yes,No,48.6,3842907,3735966
Maria Salazar,Republican,Florida,27,No,Yes,51.4,3654190,3645814
Frank Polo,Independent,Florida,27,No,No,,4606,4662
Carlos Gimenez,Republican,Florida,28,Yes,Yes,,442015,271601
Buddy Carter,Republican,Georgia,1,Yes,Yes,58.4,2315487,1734754
Joyce Griggs,Democrat,Georgia,1,No,No,41.7,130043,125000
Sanford Bishop,Democrat,Georgia,2,Yes,Yes,59.1,1540683,1440571
Don Cole,Republican,Georgia,2,No,No,40.9,164274,162522
Drew Ferguson,Republican,Georgia,3,Yes,Yes,65.0,2374212,2150911
Val Almonord,Democrat,Georgia,3,No,No,35.0,35762,31946
Hank Johnson,Democrat,Georgia,4,Yes,Yes,80.1,628303,490360
Johsira C. Cruz,Republican,Georgia,4,No,No,19.9,12954,23146
Nikema Williams,Democrat,Georgia,5,No,Yes,85.2,553964,362801
Robert Franklin,Democrat,Georgia,5,No,No,,360473,358394
Angela Stanton-King,Republican,Georgia,5,No,No,14.9,305279,301338
Kwanza Hall,Democrat,Georgia,5,No,No,,239597,227091
Barrington Martin II,Democrat,Georgia,5,No,No,,16522,16517
Chase Oliver,Libertarian,Georgia,5,No,No,,9225,5220
Steven Muhammad,Independent,Georgia,5,No,No,,3497,-4965
Keisha Waites,Democrat,Georgia,5,No,No,,875,0
Lucy McBath,Democrat,Georgia,6,Yes,Yes,54.6,8507298,8586054
Karen Handel,Republican,Georgia,6,No,No,45.4,3026243,3072932
Carolyn Bourdeaux,Democrat,Georgia,7,No,Yes,54.4,5133244,5161230
Richard McCormick,Republican,Georgia,7,No,No,48.6,2595446,2563724
Austin Scott,Republican,Georgia,8,Yes,Yes,64.5,821745,716159
Jimmy Cooper,3rd Party,Georgia,8,No,No,,8542,8528
Lindsay Holliday,Democrat,Georgia,8,No,No,35.5,7480,5220
Andrew Clyde,Republican,Georgia,9,No,Yes,78.6,1569425,1561316
Devin Pandy,Democrat,Georgia,9,No,No,21.4,84272,84623
Jody Hice,Republican,Georgia,10,Yes,Yes,62.3,595947,457648
Tabitha Johnson-Green,Democrat,Georgia,10,No,No,37.7,14808,12214
Barry Loudermilk,Republican,Georgia,11,Yes,Yes,60.4,877767,700851
Dana Barrett,Democrat,Georgia,11,No,No,39.6,404625,394977
Richard W Allen,Republican,Georgia,12,Yes,Yes,58.4,1228970,662818
Liz Johnson,Democrat,Georgia,12,No,No,41.6,72061,72061
David Scott,Democrat,Georgia,13,Yes,Yes,77.4,1209614,1131746
Becky Hites,Republican,Georgia,13,No,No,22.6,63509,62935
Martin Cowen,Libertarian,Georgia,13,No,No,,13460,13464
Marjorie Taylor Greene,Republican,Georgia,14,No,Yes,74.8,2596914,2237599
Ed Case,Democrat,Hawaii,1,Yes,Yes,64.7,508249,472569
Ron Curtis,Republican,Hawaii,1,No,No,25.1,12538,12647
Kai Kahele,Democrat,Hawaii,2,No,Yes,57.9,1235523,1039637
Joe Akana,Republican,Hawaii,2,No,No,28.3,54534,55344
Jonathan Hoomanawanui,3rd Party,Hawaii,2,No,No,2.2,1883,1522
Russ Fulcher,Republican,Idaho,1,Yes,Yes,67.8,575485,508457
Rudy Soto,Democrat,Idaho,1,No,No,28.7,302902,302902
Mike Simpson,Republican,Idaho,2,Yes,Yes,64.1,1008847,1099604
Aaron Swisher,Democrat,Idaho,2,No,No,31.7,70674,70268
Bobby Rush,Democrat,Illinois,1,Yes,Yes,73.8,541435,496454
Philanise White,Republican,Illinois,1,No,No,26.2,6289,5048
Robin Kelly,Democrat,Illinois,2,Yes,Yes,78.8,1634783,1108137
Marie Newman,Democrat,Illinois,3,No,Yes,56.4,2802093,2699323
Mike Fricilone,Republican,Illinois,3,No,No,43.6,128458,127980
Jesus Garcia,Democrat,Illinois,4,Yes,Yes,16.0,822846,711159
Jesus Solorio Jr,Republican,Illinois,4,No,No,84.0,2065,843
Mike Quigley,Democrat,Illinois,5,Yes,Yes,70.8,1171507,926655
Sean Casten,Democrat,Illinois,6,Yes,Yes,52.8,5582179,5313570
Jeanne Ives,Republican,Illinois,6,No,No,45.4,3157771,3135464
Bill Redpath,Libertarian,Illinois,6,No,No,1.7,9837,9837
Danny K Davis,Democrat,Illinois,7,Yes,Yes,80.4,544690,505506
Tracy Jennings,3rd Party,Illinois,7,No,No,6.2,65283,65283
Raja Krishnamoorthi,Democrat,Illinois,8,Yes,Yes,73.2,6358878,2207703
Jan Schakowsky,Democrat,Illinois,9,Yes,Yes,71.0,1834801,1514838
Sargis Sangari,Republican,Illinois,9,No,No,29.0,35364,34715
Brad Schneider,Democrat,Illinois,10,Yes,Yes,63.8,3459512,2873333
Valerie Ramirez Mukherjee,Republican,Illinois,10,No,No,36.2,130225,64764
Bill Foster,Democrat,Illinois,11,Yes,Yes,63.3,2381354,1823906
Rick Laib,Republican,Illinois,11,No,No,36.7,20343,20064
Mike Bost,Republican,Illinois,12,Yes,Yes,60.6,1918041,1509573
Ray Lenzi,Democrat,Illinois,12,No,No,39.4,161324,104809
Rodney Davis,Republican,Illinois,13,Yes,Yes,54.4,4943459,4822600
Betsy Dirksen Londrigan,Democrat,Illinois,13,No,No,45.6,5297007,5281880
Lauren A Underwood,Democrat,Illinois,14,Yes,Yes,50.7,7803579,7301503
Jim Oberweis,Republican,Illinois,14,No,No,49.3,2438857,2348798
Mary Miller,Republican,Illinois,15,No,Yes,73.5,689057,570356
Erika Weaver,Democrat,Illinois,15,No,No,26.5,58689,23349
Adam Kinzinger,Republican,Illinois,16,Yes,Yes,64.8,2105736,1588550
Dani Brzozowski,Democrat,Illinois,16,No,No,35.2,459344,376167
Cheri Bustos,Democrat,Illinois,17,Yes,Yes,52.0,4975192,6391009
Esther Joy King,Republican,Illinois,17,No,No,48.0,2032878,2030587
Frank Mrvan Jr,Democrat,Indiana,1,No,Yes,56.6,578635,464407
Mark Leyva,Republican,Indiana,1,No,No,40.4,16551,15343
Jackie Walorski,Republican,Indiana,2,Yes,Yes,61.5,2383467,1698202
Pat Hackett,Democrat,Indiana,2,No,No,38.5,881888,867301
Jim Banks,Republican,Indiana,3,Yes,Yes,67.8,1202509,769591
Chip Coldiron,Democrat,Indiana,3,No,No,32.2,94056,89883
Jim Baird,Republican,Indiana,4,Yes,Yes,66.6,327727,190158
Joe Mackey,Democrat,Indiana,4,No,No,33.4,44585,43213
Christina Hale,Democrat,Indiana,5,No,No,45.9,4010368,3998905
Victoria Spartz,Republican,Indiana,5,No,Yes,50.0,3119328,3010203
Greg Pence,Republican,Indiana,6,Yes,Yes,68.7,3114448,2804148
Jeannine Lee Lake,Democrat,Indiana,6,No,No,27.7,143089,145315
Andre Carson,Democrat,Indiana,7,Yes,Yes,62.4,1011635,873962
Susan Marie Smith,Republican,Indiana,7,No,No,37.6,62905,59843
Larry Bucshon,Republican,Indiana,8,Yes,Yes,66.9,1051336,1078646
Thomasina Marsili,Democrat,Indiana,8,No,No,29.8,68734,68480
Trey Hollingsworth,Republican,Indiana,9,Yes,Yes,60.9,1166754,501136
Andy Ruff,Democrat,Indiana,9,No,No,34.8,148263,134906
Tonya Millis,Libertarian,Indiana,9,No,No,4.3,10224,10041
Abby Finkenauer,Democrat,Iowa,1,Yes,No,48.7,5901441,5875405
Ashley Hinson,Republican,Iowa,1,No,Yes,51.3,5175883,5059211
Rita Hart,Democrat,Iowa,2,No,No,50.0,4232992,4114400
Mariannette Miller-Meeks,Republican,Iowa,2,No,Yes,50.0,2174194,1721926
Cindy Axne,Democrat,Iowa,3,Yes,Yes,49.0,6236976,6236994
David Young,Republican,Iowa,3,No,No,47.6,3170072,3094582
J.D. Scholten,Democrat,Iowa,4,No,No,62.1,2885915,2902003
Randy Feenstra,Republican,Iowa,4,No,Yes,37.9,1906234,1894288
Tracey Mann,Republican,Kansas,1,No,Yes,71.4,1403353,1127156
Kali Barnett,Democrat,Kansas,1,No,No,28.6,603036,592924
Michelle De La Isla,Democrat,Kansas,2,No,No,40.5,1825085,1810968
Jake Laturner,Republican,Kansas,2,No,Yes,55.3,1593407,1578460
Sharice Davids,Democrat,Kansas,3,Yes,Yes,53.4,5638552,5168034
Amanda Adkins,Republican,Kansas,3,No,No,43.8,2182382,2139673
Ron Estes,Republican,Kansas,4,Yes,Yes,64.0,1993808,1420188
Laura Lombard,Democrat,Kansas,4,No,No,36.0,264459,258684
James Comer,Republican,Kentucky,1,Yes,Yes,75.0,736116,502554
Brett Guthrie,Republican,Kentucky,2,Yes,Yes,71.0,1412797,1566622
Hank Linderman,Democrat,Kentucky,2,No,No,26.3,93388,71122
Robert Lee Perry,Libertarian,Kentucky,2,No,No,2.1,12798,7825
John Yarmuth,Democrat,Kentucky,3,Yes,Yes,62.7,658295,690226
Rhonda Palazzo,Republican,Kentucky,3,No,No,37.3,46144,45668
Thomas Massie,Republican,Kentucky,4,Yes,Yes,67.1,1457316,1563275
Alexandra Owensby,Democrat,Kentucky,4,No,No,32.9,156174,106359
Hal Rogers,Republican,Kentucky,5,Yes,Yes,84.2,664168,835781
Andy Barr,Republican,Kentucky,6,Yes,Yes,57.3,4536264,4316239
Josh Hicks,Democrat,Kentucky,6,No,No,41.0,2936320,2935615
Steve Scalise,Republican,Louisiana,1,Yes,Yes,72.2,37262827,32830607
Cedric Richmond,Democrat,Louisiana,2,Yes,Yes,63.6,1628289,1302079
Clay Higgins,Republican,Louisiana,3,Yes,Yes,67.8,751498,720424
Robert Jon Anderson,Democrat,Louisiana,3,No,No,11.6,63617,48015
Braylon Harris,Democrat,Louisiana,3,No,No,17.9,23006,15130
Mike Johnson,Republican,Louisiana,4,Yes,Yes,60.4,1299787,1039393
Kenny Houston,Democrat,Louisiana,4,No,No,25.5,33677,33407
Luke Letlow,Republican,Louisiana,5,No,No,,1392822,1303757
Lance Harris,Republican,Louisiana,5,No,No,,696805,687833
Martin Lemelle,Democrat,Louisiana,5,No,No,,173796,162747
Scotty Robinson,Republican,Louisiana,5,No,No,,113903,113835
Candy Christophe,Democrat,Louisiana,5,No,No,,77101,131161
Phillip Snowden,Democrat,Louisiana,5,No,No,,29481,28077
Matthew Hasty,Republican,Louisiana,5,No,No,,2654,2615
Garret Graves,Republican,Louisiana,6,Yes,Yes,71.1,1743015,1200287
Dartanyon Williams,Democrat,Louisiana,6,No,No,25.6,111316,98114
Chellie Pingree,Democrat,Maine,1,Yes,Yes,61.5,487080,264790
Jay Allen,Republican,Maine,1,No,No,38.5,79585,69853
Jared Golden,Democrat,Maine,2,Yes,Yes,52.9,5272142,5233990
Dale Crafts,Republican,Maine,2,No,No,47.1,1199805,1196117
Andy Harris,Republican,Maryland,1,Yes,Yes,63.5,1468096,973953
Mia Mason,Democrat,Maryland,1,No,No,36.3,2524,0
Dutch Ruppersberger,Democrat,Maryland,2,Yes,Yes,67.2,1012835,927353
Johnny Ray Salling,Republican,Maryland,2,No,No,32.6,68320,66895
John Sarbanes,Democrat,Maryland,3,Yes,Yes,69.5,573599,687299
Charles Anthony,Republican,Maryland,3,No,No,30.3,7798,6742
Anthony Brown,Democrat,Maryland,4,Yes,Yes,79.3,1446636,846827
Steny H Hoyer,Democrat,Maryland,5,Yes,Yes,68.5,4587189,4342255
Chris Palombi,Republican,Maryland,5,No,No,31.2,43462,42095
David Trone,Democrat,Maryland,6,Yes,Yes,57.9,2944893,2959748
Neil Parrott,Republican,Maryland,6,No,No,40.2,315936,261259
Kweisi Mfume,Democrat,Maryland,7,Yes,Yes,71.6,1014126,713389
Kimberly Klacik,Republican,Maryland,7,No,No,28.1,8296845,7499454
Amber Ivey,Independent,Maryland,7,No,No,,41924,43394
Jamie Raskin,Democrat,Maryland,8,Yes,Yes,67.3,2072652,1399252
Gregory Coll,Republican,Maryland,8,No,No,32.5,30876,27257
Richard E Neal,Democrat,Massachusetts,1,Yes,Yes,96.5,4949384,5873122
James P McGovern,Democrat,Massachusetts,2,Yes,Yes,65.3,1052549,1089412
Tracy Lovvorn,Republican,Massachusetts,2,No,No,34.6,26311,22319
Lori Trahan,Democrat,Massachusetts,3,Yes,Yes,97.7,1449303,1232437
Jake Auchincloss,Democrat,Massachusetts,4,No,Yes,60.8,2608686,2150904
Julie Hall,Republican,Massachusetts,4,No,No,38.9,131603,129378
Katherine Clark,Democrat,Massachusetts,5,Yes,Yes,74.3,1788706,1514877
Caroline Colarusso,Republican,Massachusetts,5,No,No,25.6,148635,146972
Seth Moulton,Democrat,Massachusetts,6,Yes,Yes,65.4,1289805,1802169
John Paul Moran,Republican,Massachusetts,6,No,No,34.4,300220,299104
Ayanna Pressley,Democrat,Massachusetts,7,Yes,Yes,86.6,2163370,1748432
Stephen Lynch,Democrat,Massachusetts,8,Yes,Yes,80.7,905614,1134662
Bill Keating,Democrat,Massachusetts,9,Yes,Yes,61.3,708680,652448
Helen Brady,Republican,Massachusetts,9,No,No,36.3,28233,23735
John Bergman,Republican,Michigan,1,Yes,Yes,61.6,1868512,1733466
Dana Ferguson,Democrat,Michigan,1,No,No,36.9,346213,339788
Bill Huizenga,Republican,Michigan,2,Yes,Yes,59.2,2175411,1883610
Bryan Berghoef,Democrat,Michigan,2,No,No,38.2,751576,669864
Jean-Michel Creviere,3rd Party,Michigan,2,No,No,0.7,281,1207
Hillary Scholten,Democrat,Michigan,3,No,No,47.0,3793132,3765942
Peter Meijer,Republican,Michigan,3,No,Yes,53.0,2975972,2887774
John Moolenaar,Republican,Michigan,4,Yes,Yes,65.0,1528612,1036160
Jerry Hilliard,Democrat,Michigan,4,No,No,32.4,23117,23603
Dan Kildee,Democrat,Michigan,5,Yes,Yes,54.5,1669951,1504094
Tim Kelly,Republican,Michigan,5,No,No,41.7,71106,71106
Fred Upton,Republican,Michigan,6,Yes,Yes,55.8,3616380,3464617
Jon Hoadley,Democrat,Michigan,6,No,No,40.1,3116491,3098366
Tim Walberg,Republican,Michigan,7,Yes,Yes,58.8,2301635,1586358
Gretchen Driskell,Democrat,Michigan,7,No,No,41.3,1712840,1712840
Elissa Slotkin,Democrat,Michigan,8,Yes,Yes,50.9,8967420,7419974
Paul Junge,Republican,Michigan,8,No,No,47.3,2107608,2097131
Andy Levin,Democrat,Michigan,9,Yes,Yes,57.8,1316607,907237
Lisa McClain,Republican,Michigan,10,No,Yes,66.3,2266287,2137031
Kimberly Bizon,Democrat,Michigan,10,No,No,33.7,41438,41246
Haley Stevens,Democrat,Michigan,11,Yes,Yes,50.2,5776924,5707448
Eric Esshaki,Republican,Michigan,11,No,No,47.8,1298612,1291509
Debbie Dingell,Democrat,Michigan,12,Yes,Yes,66.4,1630498,1689582
Jeff Jones,Republican,Michigan,12,No,No,30.7,10616,9657
Rashida Tlaib,Democrat,Michigan,13,Yes,Yes,77.9,4014411,3690334
Donald Eason,Independent,Michigan,13,No,No,,34156,34156
Jim Hagedorn,Republican,Minnesota,1,Yes,Yes,48.6,2386033,2305994
Daniel Feehan,Democrat,Minnesota,1,No,No,45.5,4861651,4863835
Angie Craig,Democrat,Minnesota,2,Yes,Yes,48.2,5380101,4435492
Tyler Kistner,Republican,Minnesota,2,No,No,45.9,2990054,2956042
Dean Phillips,Democrat,Minnesota,3,Yes,Yes,55.6,2328616,2152031
Kendall Qualls,Republican,Minnesota,3,No,No,44.3,1863927,1751214
Gary Heyer,Independent,Minnesota,3,No,No,,827,827
Betty McCollum,Democrat,Minnesota,4,Yes,Yes,63.2,1171748,994072
Gene Rechtzigel,Republican,Minnesota,4,No,No,29.0,20075,20075
Ilhan Omar,Democrat,Minnesota,5,Yes,Yes,64.3,5718517,5605576
Lacy Johnson,Republican,Minnesota,5,No,No,25.8,12050564,12000896
Chris Kelley,3rd Party,Minnesota,5,No,No,,249583,249583
Ervan Katari Miller,Independent,Minnesota,5,No,No,,255,187
Tom Emmer,Republican,Minnesota,6,Yes,Yes,65.5,2804265,2537612
Tawnja Zahradka,Democrat,Minnesota,6,No,No,34.3,49242,49214
Collin Peterson,Democrat,Minnesota,7,Yes,No,39.9,2714012,2867577
Michelle Fischbach,Republican,Minnesota,7,No,Yes,53.4,2618450,2580501
Pete Stauber,Republican,Minnesota,8,Yes,Yes,56.7,2593190,2608759
Quinn Nystrom,Democrat,Minnesota,8,No,No,37.6,1530606,1527005
Trent Kelly,Republican,Mississippi,1,Yes,Yes,68.7,876882,826673
Antonia Eliason,Democrat,Mississippi,1,No,No,31.3,22281,18174
Bennie G Thompson,Democrat,Mississippi,2,Yes,Yes,66.0,1377392,1096904
Michael Guest,Republican,Mississippi,3,Yes,Yes,64.7,766807,518162
Steven Palazzo,Republican,Mississippi,4,Yes,Yes,100.0,817129,747217
Cori Bush,Democrat,Missouri,1,No,Yes,78.8,1418014,1333512
Ann Wagner,Republican,Missouri,2,Yes,Yes,52.0,5598287,6513101
Jill Schupp,Democrat,Missouri,2,No,No,45.4,4850948,4830434
Blaine Luetkemeyer,Republican,Missouri,3,Yes,Yes,69.4,2022905,2081391
Vicky Hartzler,Republican,Missouri,4,Yes,Yes,67.6,1700978,1335607
Lindsey Simmons,Democrat,Missouri,4,No,No,29.7,395934,384622
Emanuel Cleaver,Democrat,Missouri,5,Yes,Yes,58.5,1393847,928061
Ryan Derks,Republican,Missouri,5,No,No,38.7,76488,76488
Sam Graves,Republican,Missouri,6,Yes,Yes,67.1,1959516,1654756
Gena Ross,Democrat,Missouri,6,No,No,30.8,10170,10530
Billy Long,Republican,Missouri,7,Yes,Yes,68.7,1320420,1518234
Audrey Richards,Independent,Missouri,7,No,No,,7985,8113
Jason Smith,Republican,Missouri,8,Yes,Yes,76.9,1900227,1514786
Kathryn Ellis,Democrat,Missouri,8,No,No,21.4,302428,305387
Kathleen Williams,Democrat,Montana,1,No,No,43.6,6201758,6232286
Matt Rosendale,Republican,Montana,1,No,Yes,56.4,3674706,3488045
Matt Rosendale,Republican,Montana,2,Yes,No,,900359,378226
Kevin Hamm,Democrat,Montana,2,No,No,,19252,17677
Jeff Fortenberry,Republican,Nebraska,1,Yes,Yes,59.5,1472816,2458330
Kate Bolz,Democrat,Nebraska,1,No,No,37.7,1143509,1140371
Don Bacon,Republican,Nebraska,2,Yes,Yes,50.6,3749272,3713961
Kara Eastman,Democrat,Nebraska,2,No,No,46.3,4414390,4468006
Adrian Smith,Republican,Nebraska,3,Yes,Yes,78.5,1506473,1148409
Mark Elworth Jr,Democrat,Nebraska,3,No,No,17.7,255,0
Dina Titus,Democrat,Nevada,1,Yes,Yes,61.8,706193,587919
Mark Amodei,Republican,Nevada,2,Yes,Yes,56.5,1048056,1016673
Patricia Ackerman,Democrat,Nevada,2,No,No,40.7,449363,449449
Susie Lee,Democrat,Nevada,3,Yes,Yes,48.8,4748019,4732009
Dan Rodimer,Republican,Nevada,3,No,No,45.8,2936059,2915216
Steven Horsford,Democrat,Nevada,4,Yes,Yes,50.7,3492372,3024427
Jim Marchant,Republican,Nevada,4,No,No,45.8,1462772,1419405
Jonathan Royce Esteban,Libertarian,Nevada,4,No,No,2.4,2788,1603
Chris Pappas,Democrat,New Hampshire,1,Yes,Yes,51.3,3205731,3105663
Matt Mowers,Republican,New Hampshire,1,No,No,46.2,1707214,1698761
Ann Kuster,Democrat,New Hampshire,2,Yes,Yes,53.9,2960033,2970274
Steve Negron,Republican,New Hampshire,2,No,No,43.7,368177,378959
Don Norcross,Democrat,New Jersey,1,Yes,Yes,62.5,2221989,1087264
Claire Gustafson,Republican,New Jersey,1,No,No,37.5,36520,21761
Jeff Van Drew,Republican,New Jersey,2,Yes,Yes,51.9,4229171,4041493
Amy Kennedy,Democrat,New Jersey,2,No,No,46.2,4984376,4978913
Andy Kim,Democrat,New Jersey,3,Yes,Yes,53.2,7241283,6753262
David Richter,Republican,New Jersey,3,No,No,45.5,1473669,1470648
Chris Smith,Republican,New Jersey,4,Yes,Yes,59.9,1383085,1284522
Stephanie Schmid,Democrat,New Jersey,4,No,No,38.3,699580,658011
Josh Gottheimer,Democrat,New Jersey,5,Yes,Yes,53.2,7694027,3487964
Frank Pallotta,Republican,New Jersey,5,No,No,45.6,1972033,1948705
Louis A. Vellucci,Independent,New Jersey,5,No,No,1.2,5456,5342
Frank Pallone Jr.,Democrat,New Jersey,6,Yes,Yes,61.2,3231755,2021737
Tom Malinowski,Democrat,New Jersey,7,Yes,Yes,50.6,7414403,7423758
Tom Kean,Republican,New Jersey,7,No,No,49.4,3869121,3775442
Albio Sires,Democrat,New Jersey,8,Yes,Yes,74.0,605810,551325
Bill Pascrell Jr.,Democrat,New Jersey,9,Yes,Yes,65.8,1560550,1795410
Billy Prempeh,Republican,New Jersey,9,No,No,31.9,44269,35075
Donald M Payne Jr.,Democrat,New Jersey,10,Yes,Yes,83.3,593735,457252
Mikie Sherrill,Democrat,New Jersey,11,Yes,Yes,53.3,6419707,3733106
Rosemary Becchi,Republican,New Jersey,11,No,No,46.7,1687532,1686236
Bonnie Watson Coleman,Democrat,New Jersey,12,Yes,Yes,65.6,798439,840651
Mark Razzoli,Republican,New Jersey,12,No,No,32.6,3065,1142
Debra Haaland,Democrat,New Mexico,1,Yes,Yes,58.1,2246734,1875766
Michelle Garcia Holmes,Republican,New Mexico,1,No,No,41.9,257294,245590
Xochitl Torres Small,Democrat,New Mexico,2,Yes,No,46.3,8387337,8539065
Yvette Herrell,Republican,New Mexico,2,No,Yes,53.7,2805711,2921785
Steve Jones,Independent,New Mexico,2,No,No,,9405,9505
Teresa Leger Fernandez,Democrat,New Mexico,3,No,Yes,58.7,2296594,2132010
Alexis Johnson,Republican,New Mexico,3,No,No,41.3,147303,147303
Lee Zeldin,Republican,New York,1,Yes,Yes,55.9,8396981,8250116
Nancy Goroff,Democrat,New York,1,No,No,44.1,7866239,7860977
Jackie Gordon,Democrat,New York,2,No,No,46.0,4351881,4334484
Andrew Garbarino,Republican,New York,2,No,Yes,52.9,1743986,1612132
Harry Burger,3rd Party,New York,2,No,No,1.0,2430,594
Tom Suozzi,Democrat,New York,3,Yes,Yes,53.2,2941006,2331302
George Santos,Republican,New York,3,No,No,46.2,658883,591239
Joshua Sauberman,Independent,New York,3,No,No,,127,270
Kathleen Rice,Democrat,New York,4,Yes,Yes,52.0,1106258,1210410
Douglas Tuman,Republican,New York,4,No,No,47.3,134937,130995
Ed Dennehy,Independent,New York,4,No,No,,9031,9031
Gregory Meeks,Democrat,New York,5,Yes,Yes,99.0,2097572,1467454
Amit Lal,Independent,New York,5,No,No,,126,0
Grace Meng,Democrat,New York,6,Yes,Yes,62.6,1292084,1872311
Thomas Zmich,Republican,New York,6,No,No,37.4,133403,131278
Nydia Velazquez,Democrat,New York,7,Yes,Yes,83.0,803217,676248
Hakeem Jeffries,Democrat,New York,8,Yes,Yes,82.5,4168717,3293077
Yvette Clarke,Democrat,New York,9,Yes,Yes,81.5,1200067,1190143
Jerrold Nadler,Democrat,New York,10,Yes,Yes,68.5,1848688,1950774
Cathy Bernstein,Republican,New York,10,No,No,30.1,49975,28384
Jeanne Nigro,Independent,New York,10,No,No,,34548,28039
Michael Madrid,Libertarian,New York,10,No,No,1.2,14326,12149
Max Rose,Democrat,New York,11,Yes,No,42.0,9284434,9499242
Nicole Malliotakis,Republican,New York,11,No,Yes,57.8,3469995,3447052
Kemi Akindude,Independent,New York,11,No,No,,21261,14697
Carolyn Maloney,Democrat,New York,12,Yes,Yes,78.9,3067173,3059202
Adriano Espaillat,Democrat,New York,13,Yes,Yes,86.0,1087237,1252740
Lovelynn Gwinn,Republican,New York,13,No,No,8.0,39384,39384
Alexandria Ocasio-Cortez,Democrat,New York,14,Yes,Yes,68.7,20664795,16735422
John C. Cummings,Republican,New York,14,No,No,30.5,11140937,10947758
Ritchie Torres,Democrat,New York,15,No,Yes,88.2,2194025,1804336
Jamaal Bowman,Democrat,New York,16,No,Yes,82.9,2878898,2801424
Mondaire Jones,Democrat,New York,17,No,Yes,54.1,2984052,2186463
Maureen McArdle Schulman,Republican,New York,17,No,No,39.8,54732,60084
Michael Parietti,3rd Party,New York,17,No,No,0.9,44787,19670
Sean Patrick Maloney,Democrat,New York,18,Yes,Yes,51.8,2556294,1718525
Chele Farley,Republican,New York,18,No,No,47.3,1186211,1152124
Scott Smith,Independent,New York,18,No,No,0.9,8718,8403
Antonio Delgado,Democrat,New York,19,Yes,Yes,51.5,5949475,2963286
Kyle Van De Water,Republican,New York,19,No,No,45.9,153796,120097
Paul Tonko,Democrat,New York,20,Yes,Yes,56.5,1541984,1418994
Elizabeth Joy,Republican,New York,20,No,No,43.4,370852,336845
Elise Stefanik,Republican,New York,21,Yes,Yes,64.4,13287248,11655936
Tedra Cobb,Democrat,New York,21,No,No,35.6,5586793,5593266
Anthony Brindisi,Democrat,New York,22,Yes,No,,6020190,5772429
Claudia Tenney,Republican,New York,22,No,No,,3051777,2725893
Tom Reed,Republican,New York,23,Yes,Yes,57.7,3275177,3145027
Tracy Mitrano,Democrat,New York,23,No,No,41.4,1450322,1466128
John Katko,Republican,New York,24,Yes,Yes,53.1,3821107,3597234
Dana Balter,Democrat,New York,24,No,No,43.0,3212469,3230808
Joseph D Morelle,Democrat,New York,25,Yes,Yes,59.3,1375366,1274426
George Mitris,Republican,New York,25,No,No,39.1,301376,279047
Kevin Wilson,Libertarian,New York,25,No,No,1.5,5128,3417
Brian Higgins,Democrat,New York,26,Yes,Yes,69.8,1124168,984106
G K Butterfield,Democrat,North Carolina,1,Yes,Yes,54.2,1032869,880420
Sandy Smith,Republican,North Carolina,1,No,No,45.8,1458375,1437805
Deborah Ross,Democrat,North Carolina,2,No,Yes,63.0,2268381,1816923
Alan Swain,Republican,North Carolina,2,No,No,34.8,119664,119435
Japheth Matemu,Libertarian,North Carolina,2,No,No,2.2,625,54
Greg Murphy,Republican,North Carolina,3,Yes,Yes,63.4,1767790,1505559
David Price,Democrat,North Carolina,4,Yes,Yes,67.3,1161738,1014872
Virginia Foxx,Republican,North Carolina,5,Yes,Yes,66.9,1858388,1944629
David Wilson Brown,Democrat,North Carolina,5,No,No,31.1,61596,60668
Kathy Manning,Democrat,North Carolina,6,No,Yes,62.3,2002284,1695596
Lee Haywood,Republican,North Carolina,6,No,No,37.7,73878,58342
Jennyfer Bucardo,Independent,North Carolina,6,No,No,,750,759
David Rouzer,Republican,North Carolina,7,Yes,Yes,60.3,1628458,1038883
Christopher Ward,Democrat,North Carolina,7,No,No,39.6,16260,4119
Richard Hudson,Republican,North Carolina,8,Yes,Yes,53.3,4135872,4359009
Patricia Timmons-Goodson,Democrat,North Carolina,8,No,No,46.7,3855743,3852668
Dan Bishop,Republican,North Carolina,9,Yes,Yes,55.6,4090260,4029864
Cynthia Wallace,Democrat,North Carolina,9,No,No,44.4,811609,794300
Patrick McHenry,Republican,North Carolina,10,Yes,Yes,68.9,2780234,2339363
David Parker,Democrat,North Carolina,10,No,No,31.1,30555,30555
Madison Cawthorn,Republican,North Carolina,11,No,Yes,54.5,4478970,4366783
Moe Davis,Democrat,North Carolina,11,No,No,42.3,2251413,2148121
Alma Adams,Democrat,North Carolina,12,Yes,Yes,100.0,824124,651883
Bill Brewster,Republican,North Carolina,12,No,No,,21950,16763
Ted Budd,Republican,North Carolina,13,Yes,Yes,68.2,2294174,1293414
Scott Huffman,Democrat,North Carolina,13,No,No,31.8,193334,189967
Jeff Jackson,Democrat,North Carolina,14,Yes,Yes,,753314,126486
Kelly Armstrong,Republican,North Dakota,1,Yes,Yes,69.0,1269346,1080105
Zach Raknerud,Democrat,North Dakota,1,No,No,27.6,28047,26029
Steve Chabot,Republican,Ohio,1,Yes,Yes,51.8,3177647,2861464
Kate Schroder,Democrat,Ohio,1,No,No,44.7,4040303,4039798
Kevin Kahn,Libertarian,Ohio,1,No,No,3.6,12085,8398
Brad Wenstrup,Republican,Ohio,2,Yes,Yes,61.1,1794354,1757078
Jaime Castle,Democrat,Ohio,2,No,No,38.9,284197,271471
Joyce Beatty,Democrat,Ohio,3,Yes,Yes,70.8,2237887,2540687
Nicholas Moss,Independent,Ohio,3,No,No,0.0,1258,1248
Jim Jordan,Republican,Ohio,4,Yes,Yes,67.9,18313823,12945651
Chris Gibbs,Independent,Ohio,4,No,No,,65807,65807
Bob Latta,Republican,Ohio,5,Yes,Yes,68.0,1580952,1477090
Nick Rubando,Democrat,Ohio,5,No,No,32.0,249319,247423
Bill Johnson,Republican,Ohio,6,Yes,Yes,74.4,1866123,1853361
Shawna Roberts,Democrat,Ohio,6,No,No,25.6,262,574
Bob Gibbs,Republican,Ohio,7,Yes,Yes,67.5,791888,453928
Quentin Potter,Democrat,Ohio,7,No,No,29.2,12976,12976
Brandon Lape,Libertarian,Ohio,7,No,No,3.3,3348,2713
Warren Davidson,Republican,Ohio,8,Yes,Yes,69.0,1016740,841533
Vanessa Enoch,Democrat,Ohio,8,No,No,31.0,40270,37546
Marcy Kaptur,Democrat,Ohio,9,Yes,Yes,63.1,1090395,979798
Rob Weber,Republican,Ohio,9,No,No,36.9,134898,123262
Michael R Turner,Republican,Ohio,10,Yes,Yes,58.4,1752255,1736283
Desiree Tims,Democrat,Ohio,10,No,No,41.6,2040760,2024010
Marcia Fudge,Democrat,Ohio,11,Yes,Yes,80.1,755787,499820
Laverne Gore,Republican,Ohio,11,No,No,20.0,157044,156827
Troy Balderson,Republican,Ohio,12,Yes,Yes,55.2,2016826,1995665
Alaina Shearer,Democrat,Ohio,12,No,No,41.8,1033711,1025410
John Stewart,Libertarian,Ohio,12,No,No,3.0,75170,66382
Tim Ryan,Democrat,Ohio,13,Yes,Yes,52.5,1972446,2071454
Christina Hagan,Republican,Ohio,13,No,No,44.9,861723,820660
David P Joyce,Republican,Ohio,14,Yes,Yes,60.1,2917696,2501449
Hillary O'Connor Mueri,Democrat,Ohio,14,No,No,39.9,579877,574646
Steve Stivers,Republican,Ohio,15,Yes,Yes,63.4,3004799,2293101
Joel Newby,Democrat,Ohio,15,No,No,36.6,55797,55797
Kevin Hern,Republican,Oklahoma,1,Yes,Yes,63.7,1094104,830366
Kojo Asamoa-Caesar,Democrat,Oklahoma,1,No,No,32.7,157355,173928
Markwayne Mullin,Republican,Oklahoma,2,Yes,Yes,75.0,1660206,1077939
Danyell Lanier,Democrat,Oklahoma,2,No,No,22.0,41730,41722
Frank D Lucas,Republican,Oklahoma,3,Yes,Yes,78.5,872749,1036145
Tom Cole,Republican,Oklahoma,4,Yes,Yes,67.8,1812530,1753697
Mary Brannon,Democrat,Oklahoma,4,No,No,28.8,-2084,1599
Kendra Horn,Democrat,Oklahoma,5,Yes,No,47.9,5949800,5946195
Stephanie Bice,Republican,Oklahoma,5,No,Yes,52.1,3720520,3508929
Suzanne Bonamici,Democrat,Oregon,1,Yes,Yes,64.6,959223,864627
Chris Christensen,Republican,Oregon,1,No,No,35.2,144,672
Cliff Bentz,Republican,Oregon,2,No,Yes,60.0,1450780,1361727
Alex Spenser,Democrat,Oregon,2,No,No,36.9,20640,5089
Earl Blumenauer,Democrat,Oregon,3,Yes,Yes,73.0,1813365,1948453
Joanna Harbour,Republican,Oregon,3,No,No,23.5,17681,14502
Peter DeFazio,Democrat,Oregon,4,Yes,Yes,51.6,5182843,5781074
Alek Skarlatos,Republican,Oregon,4,No,No,46.2,5454621,5331264
Kurt Schrader,Democrat,Oregon,5,Yes,Yes,51.9,2018692,1922073
Amy Ryan Courser,Republican,Oregon,5,No,No,45.2,231624,221041
Andrea Salinas,Democrat,Oregon,6,Yes,Yes,,629276,147520
Brian Fitzpatrick,Republican,Pennsylvania,1,Yes,Yes,58.7,4203825,4272135
Christina Finello,Democrat,Pennsylvania,1,No,No,41.3,2336814,2329748
Brendan Boyle,Democrat,Pennsylvania,2,Yes,Yes,65.1,1556650,756317
Dwight Evans,Democrat,Pennsylvania,3,Yes,Yes,87.5,942386,781265
Madeleine Dean,Democrat,Pennsylvania,4,Yes,Yes,56.0,1435995,1005928
Kathy Barnette,Republican,Pennsylvania,4,No,No,44.0,1000389,884640
Joe Tarshish,Independent,Pennsylvania,4,No,No,,24038,23738
Mary Gay Scanlon,Democrat,Pennsylvania,5,Yes,Yes,60.3,1455042,1350276
Dasha Pruett,Republican,Pennsylvania,5,No,No,39.7,105146,82437
Chrissy Houlahan,Democrat,Pennsylvania,6,Yes,Yes,54.7,3484484,1327283
John Emmons,Republican,Pennsylvania,6,No,No,45.3,608859,601390
John McHugh,Independent,Pennsylvania,6,No,No,,6165,4410
Susan Wild,Democrat,Pennsylvania,7,Yes,Yes,51.7,4581056,4528267
Matt Cartwright,Democrat,Pennsylvania,8,Yes,Yes,51.7,3885136,4144070
Jim Bognet,Republican,Pennsylvania,8,No,No,48.3,1519527,1386040
Dan Meuser,Republican,Pennsylvania,9,Yes,Yes,68.2,1071961,944010
Gary Wegman,Democrat,Pennsylvania,9,No,No,31.8,188787,187348
Scott Perry,Republican,Pennsylvania,10,Yes,Yes,53.4,3956481,3839197
Eugene DePasquale,Democrat,Pennsylvania,10,No,No,46.6,4534580,4526684
Lloyd Smucker,Republican,Pennsylvania,11,Yes,Yes,69.2,1349318,662704
Sarah Hammond,Democrat,Pennsylvania,11,No,No,30.8,28733,23458
Fred Keller,Republican,Pennsylvania,12,Yes,Yes,71.8,1541938,1066158
Lee Griffin,Democrat,Pennsylvania,12,No,No,28.2,45850,44571
Liz Terwilliger,Libertarian,Pennsylvania,12,No,No,,6211,5937
John Joyce,Republican,Pennsylvania,13,Yes,Yes,79.0,1119769,461229
Todd Rowley,Democrat,Pennsylvania,13,No,No,21.0,60348,67527
Guy Reschenthaler,Republican,Pennsylvania,14,Yes,Yes,67.8,2250282,1580488
Bill Marx,Democrat,Pennsylvania,14,No,No,32.2,60403,45959
Glenn Thompson,Republican,Pennsylvania,15,Yes,Yes,76.3,1700061,1839073
Mike Kelly,Republican,Pennsylvania,16,Yes,Yes,67.2,2239488,1319340
Kristy Gnibus,Democrat,Pennsylvania,16,No,No,32.8,584205,579453
Conor Lamb,Democrat,Pennsylvania,17,Yes,Yes,51.1,4063114,3448850
Sean Parnell,Republican,Pennsylvania,17,No,No,48.9,3935774,3732399
David Cicilline,Democrat,Rhode Island,1,Yes,Yes,70.8,1574854,1743173
Jim Langevin,Democrat,Rhode Island,2,Yes,Yes,58.2,1102312,1422339
Bob Lancia,Republican,Rhode Island,2,No,No,41.5,55549,47877
Joe Cunningham,Democrat,South Carolina,1,Yes,No,49.3,6941746,6993962
Nancy Mace,Republican,South Carolina,1,No,Yes,50.6,5766726,5707239
Joe Wilson,Republican,South Carolina,2,Yes,Yes,55.7,1648065,1723956
Adair Boroughs,Democrat,South Carolina,2,No,No,42.6,2510526,2507664
Jeff Duncan,Republican,South Carolina,3,Yes,Yes,71.2,1509647,1271872
Hosea Cleveland,Democrat,South Carolina,3,No,No,28.7,43214,45107
William Timmons,Republican,South Carolina,4,Yes,Yes,61.6,977784,982233
Kim Nelson,Democrat,South Carolina,4,No,No,36.9,167825,167508
Ralph Norman,Republican,South Carolina,5,Yes,Yes,60.1,991246,859747
Moe Brown,Democrat,South Carolina,5,No,No,39.9,480648,477295
James E Clyburn,Democrat,South Carolina,6,Yes,Yes,68.2,3406945,2332128
Tom Rice,Republican,South Carolina,7,Yes,Yes,61.8,1405738,1242208
Melissa Watson,Democrat,South Carolina,7,No,No,38.1,147623,147623
Larry Guy Hammond,Libertarian,South Carolina,7,No,No,,199,199
Dusty Johnson,Republican,South Dakota,1,Yes,Yes,81.8,1693504,699356
Diana Harshbarger,Republican,Tennessee,1,No,Yes,74.8,2126946,1869100
Blair Nicole Walsingham,Democrat,Tennessee,1,No,No,22.4,140209,134995
Tim Burchett,Republican,Tennessee,2,Yes,Yes,67.7,1336276,878488
Renee Hoyos,Democrat,Tennessee,2,No,No,31.0,812784,816793
Chuck Fleischmann,Republican,Tennessee,3,Yes,Yes,67.3,1051653,381411
Meg Gorman,Democrat,Tennessee,3,No,No,30.5,85843,77760
Scott Desjarlais,Republican,Tennessee,4,Yes,Yes,66.7,331464,392499
Christopher Hale,Democrat,Tennessee,4,No,No,33.3,308731,302996
Jim Cooper,Democrat,Tennessee,5,Yes,Yes,100.0,936569,1332131
John Rose,Republican,Tennessee,6,Yes,Yes,73.7,1050429,625688
Mark Green,Republican,Tennessee,7,Yes,Yes,69.9,1194960,935487
Kiran Sreepada,Democrat,Tennessee,7,No,No,27.3,206644,207191
Ronald Brown,Independent,Tennessee,7,No,No,2.2,1750,0
Scott Vieira Jr,Independent,Tennessee,7,No,No,0.6,655,1049
David Kustoff,Republican,Tennessee,8,Yes,Yes,68.5,1641217,999285
Erika Stotts Pearson,Democrat,Tennessee,8,No,No,29.5,19070,15883
Steve Cohen,Democrat,Tennessee,9,Yes,Yes,77.4,607570,457311
Charlotte Bergmann,Republican,Tennessee,9,No,No,20.1,99147,100532
Dennis Clark,Independent,Tennessee,9,No,No,1.6,9991,9919
Louie Gohmert,Republican,Texas,1,Yes,Yes,72.6,552915,580441
Hank Gilbert,Democrat,Texas,1,No,No,27.4,968155,734411
Dan Crenshaw,Republican,Texas,2,Yes,Yes,55.6,19427865,17596329
Sima Ladjevardian,Democrat,Texas,2,No,No,42.8,3832697,3825287
Elliott Scheirman,Libertarian,Texas,2,No,No,1.6,15374,14296
Van Taylor,Republican,Texas,3,Yes,Yes,55.1,2655327,2825378
Helane Seikaly,Democrat,Texas,3,No,No,42.9,1635185,1634843
Patrick Fallon,Republican,Texas,4,No,Yes,75.1,257174,95065
Tracy Shawn Jones,Independent,Texas,4,No,No,0.4,13002,10595
Lance Gooden,Republican,Texas,5,Yes,Yes,62.0,1610327,1311983
Carolyn Salter,Democrat,Texas,5,No,No,35.9,317848,289112
Kevin Hale,Libertarian,Texas,5,No,No,2.1,18405,6508
Ron Wright,Republican,Texas,6,Yes,Yes,52.8,912134,907693
Stephen Daniel,Democrat,Texas,6,No,No,44.0,680402,677568
Lizzie Fletcher,Democrat,Texas,7,Yes,Yes,50.8,6265165,6246136
Wesley Hunt,Republican,Texas,7,No,No,47.5,7524064,7300122
Kevin Brady,Republican,Texas,8,Yes,Yes,72.5,3570477,3190447
Elizabeth Hernandez,Democrat,Texas,8,No,No,25.5,17227,14981
Al Green,Democrat,Texas,9,Yes,Yes,75.5,460332,486155
Johnny Teague,Republican,Texas,9,No,No,21.6,89965,88366
Michael McCaul,Republican,Texas,10,Yes,Yes,52.5,3856477,3910930
Mike Siegel,Democrat,Texas,10,No,No,45.4,2873926,2829765
August Pfluger,Republican,Texas,11,No,Yes,79.7,2578540,1984134
Jon Mark Hogg,Democrat,Texas,11,No,No,18.3,137730,135141
Kay Granger,Republican,Texas,12,Yes,Yes,63.7,3161288,3271815
Lisa Welch,Democrat,Texas,12,No,No,33.0,98465,98475
Trey Holcomb,Libertarian,Texas,12,No,No,3.3,967,457
Ronny Jackson,Republican,Texas,13,No,Yes,79.4,2128271,1741132
Gus Trujillo,Democrat,Texas,13,No,No,18.5,22826,18820
Randy Weber,Republican,Texas,14,Yes,Yes,61.6,936202,924659
Adrienne Bell,Democrat,Texas,14,No,No,38.4,244754,240934
Cyrus Sajna,Independent,Texas,14,No,No,,35096,34942
Michael David Sanchez,Independent,Texas,14,No,No,,100,12
Vicente Gonzalez,Democrat,Texas,15,Yes,Yes,50.5,1008381,657500
Monica De La Cruz,Republican,Texas,15,No,No,47.6,344893,338832
Veronica Escobar,Democrat,Texas,16,Yes,Yes,64.7,1135549,1087693
Irene Armendariz-Jackson,Republican,Texas,16,No,No,35.3,168997,153671
Pete Sessions,Republican,Texas,17,No,Yes,55.9,1447958,1658637
Rick Kennedy,Democrat,Texas,17,No,No,40.9,200668,202096
Ted Brown,Libertarian,Texas,17,No,No,3.2,3041,3041
Sheila Jackson Lee,Democrat,Texas,18,Yes,Yes,73.3,924480,838414
Wendell Champion,Republican,Texas,18,No,No,23.5,305645,271278
Jodey Arrington,Republican,Texas,19,Yes,Yes,74.8,2497184,1932700
Tom Watson,Democrat,Texas,19,No,No,22.9,49405,60806
Joaquin Castro,Democrat,Texas,20,Yes,Yes,64.7,674061,686934
Mauro Garza,Republican,Texas,20,No,No,33.1,263293,240930
Chip Roy,Republican,Texas,21,Yes,Yes,52.0,5005639,4679362
Wendy Davis,Democrat,Texas,21,No,No,45.4,10263486,10201874
Michael Felts,Independent,Texas,21,No,No,,3570,1851
Sri Kulkarni,Democrat,Texas,22,No,No,44.6,5639061,5630098
Troy Nehls,Republican,Texas,22,No,Yes,51.5,1806655,1787448
Gina Ortiz Jones,Democrat,Texas,23,No,No,46.6,6755222,6842440
Tony Gonzales,Republican,Texas,23,No,Yes,50.5,2797133,2764108
Candace Valenzuela,Democrat,Texas,24,No,No,47.5,4886999,4875031
Beth Van Duyne,Republican,Texas,24,No,Yes,48.8,3410852,3342442
Stephen Kuzmich,Independent,Texas,24,No,No,1.2,175504,201332
Mark Bauer,Independent,Texas,24,No,No,0.9,26342,26542
Darren Hamilton,Libertarian,Texas,24,No,No,1.6,570,212
Roger Williams,Republican,Texas,25,Yes,Yes,55.9,2435121,3347267
Julie Oliver,Democrat,Texas,25,No,No,42.1,2190347,2176319
Michael Burgess,Republican,Texas,26,Yes,Yes,60.6,1806588,2081391
Carol Iannuzzi,Democrat,Texas,26,No,No,37.3,95937,95937
Michael Cloud,Republican,Texas,27,Yes,Yes,63.1,1014427,829748
Ricardo De La Fuente,Democrat,Texas,27,No,No,34.9,312096,312096
Henry Cuellar,Democrat,Texas,28,Yes,Yes,58.3,2655317,3650848
Sandra Whitten,Republican,Texas,28,No,No,39.0,24760,27354
Sylvia Garcia,Democrat,Texas,29,Yes,Yes,71.1,818984,758382
Jaimy Blanco,Republican,Texas,29,No,No,27.4,4378,0
Eddie Bernice Johnson,Democrat,Texas,30,Yes,Yes,77.5,589096,494547
Tre Pennie,Republican,Texas,30,No,No,18.4,311109,305446
John Carter,Republican,Texas,31,Yes,Yes,53.4,2160187,2214487
Donna Imam,Democrat,Texas,31,No,No,44.3,1035222,1035272
Colin Allred,Democrat,Texas,32,Yes,Yes,52.0,5667725,5611747
Genevieve Collins,Republican,Texas,32,No,No,45.9,5923081,5915256
Jason Sigmon,Independent,Texas,32,No,No,0.7,11791,11651
Marc Veasey,Democrat,Texas,33,Yes,Yes,66.8,1621929,1613446
Fabian Cordova Vasquez,Republican,Texas,33,No,No,25.2,36692,25585
Filemon Vela,Democrat,Texas,34,Yes,Yes,55.4,983026,1024180
Rey Gonzalez,Republican,Texas,34,No,No,41.8,37118,37446
Lloyd Doggett,Democrat,Texas,35,Yes,Yes,65.4,1336576,424804
Jennifer Sharon,Republican,Texas,35,No,No,30.0,19011,14442
Jason Mata,Independent,Texas,35,No,No,1.9,2632,2632
Brian Babin,Republican,Texas,36,Yes,Yes,73.6,1345351,1297185
Brandon Rashad Lewis,Democrat,Texas,36,No,No,24.3,21714,12278
Lloyd Doggett,Democrat,Texas,37,Yes,Yes,,186971,131591
Wesley Hunt,Republican,Texas,38,Yes,No,,503400,336728
Melissa McDonough,Democrat,Texas,38,No,No,,25855,24256
Blake Moore,Republican,Utah,1,No,Yes,69.6,844377,816015
Darren Parry,Democrat,Utah,1,No,No,30.5,41218,40904
Chris Stewart,Republican,Utah,2,Yes,Yes,59.0,835139,812462
John Kael Weston,Democrat,Utah,2,No,No,36.6,344774,306872
Joe Jarvis,3rd Party,Utah,2,No,No,,22989,22989
John Curtis,Republican,Utah,3,Yes,Yes,68.8,874311,687265
Devin Thorpe,Democrat,Utah,3,No,No,26.8,191412,190200
Thomas G. McNeill,3rd Party,Utah,3,No,No,2.0,5516,5516
Russel Fugal,Independent,Utah,3,No,No,,393,346
Ben McAdams,Democrat,Utah,4,Yes,No,46.7,5613542,5555591
Burgess Owens,Republican,Utah,4,No,Yes,47.7,5129475,5049146
Jonia Broderick,3rd Party,Utah,4,No,No,2.1,21394,21265
Peter Welch,Democrat,Vermont,1,Yes,Yes,64.4,847320,865252
Rob Wittman,Republican,Virginia,1,Yes,Yes,58.5,1969785,2140375
Qasim Rashid,Democrat,Virginia,1,No,No,41.7,1559108,1559108
Elaine Luria,Democrat,Virginia,2,Yes,Yes,51.6,6522276,6387474
Scott Taylor,Republican,Virginia,2,No,No,45.8,2452292,2446410
Bobby Scott,Democrat,Virginia,3,Yes,Yes,68.4,873126,832419
John Collick,Republican,Virginia,3,No,No,31.4,167146,165080
Donald McEachin,Democrat,Virginia,4,Yes,Yes,61.6,961412,963788
Leon Benjamin,Republican,Virginia,4,No,No,38.2,545354,523429
Cameron Webb,Democrat,Virginia,5,No,No,47.3,5755917,5750924
Bob Good,Republican,Virginia,5,No,Yes,52.4,1373867,1323530
Ben Cline,Republican,Virginia,6,Yes,Yes,64.6,892955,672928
Nicholas Betts,Democrat,Virginia,6,No,No,35.3,56190,54205
Abigail Spanberger,Democrat,Virginia,7,Yes,Yes,50.8,8387680,7852213
Nick Freitas,Republican,Virginia,7,No,No,49.0,3629431,3600108
Don Beyer,Democrat,Virginia,8,Yes,Yes,75.8,1729482,2071906
Jeff Jordan,Republican,Virginia,8,No,No,24.0,96035,96035
Heerak Christian Kim,Independent,Virginia,8,No,No,,2036,1921
Morgan Griffith,Republican,Virginia,9,Yes,Yes,94.0,873612,463916
Jennifer Wexton,Democrat,Virginia,10,Yes,Yes,56.5,3855331,1772250
Aliscia Andrews,Republican,Virginia,10,No,No,43.4,1567598,1413145
Gerry Connolly,Democrat,Virginia,11,Yes,Yes,71.4,1998592,1811776
Manga Anantatmula,Republican,Virginia,11,No,No,28.3,282152,268326
Stevan Porter,Libertarian,Virginia,11,No,No,,533,1316
Suzan DelBene,Democrat,Washington,1,Yes,Yes,58.6,2182985,1897162
Jeffrey Beeler,Republican,Washington,1,No,No,41.3,61970,62279
Rick Larsen,Democrat,Washington,2,Yes,Yes,63.2,1275127,1219489
Tim Hazelo,Republican,Washington,2,No,No,36.6,49478,49322
Jaime Herrera Beutler,Republican,Washington,3,Yes,Yes,56.4,4566383,4540148
Carolyn Long,Democrat,Washington,3,No,No,43.4,4130540,4142685
Dan Newhouse,Republican,Washington,4,Yes,Yes,66.3,1173464,991174
Doug McKinley,Democrat,Washington,4,No,No,33.5,57666,54227
Cathy McMorris Rodgers,Republican,Washington,5,Yes,Yes,60.9,4349448,3432572
Dave Wilson,Democrat,Washington,5,No,No,38.9,109636,109636
Derek Kilmer,Democrat,Washington,6,Yes,Yes,59.4,2524026,2531111
Elizabeth Kreiselmaier,Republican,Washington,6,No,No,40.4,156123,145108
Pramila Jayapal,Democrat,Washington,7,Yes,Yes,83.0,2630000,1530626
Craig Keller,Republican,Washington,7,No,No,16.7,2904,3703
Kim Schrier,Democrat,Washington,8,Yes,Yes,51.7,5422491,3774398
Jesse Jensen,Republican,Washington,8,No,No,48.1,852396,842269
Adam Smith,Democrat,Washington,9,Yes,Yes,74.2,1324761,930710
Doug Basler,Republican,Washington,9,No,No,25.7,22536,18328
Marilyn Strickland,Democrat,Washington,10,No,Yes,49.6,1812659,1780633
Beth Doglio,Democrat,Washington,10,No,No,35.7,1477678,1477678
David McKinley,Republican,West Virginia,1,Yes,Yes,69.0,1092609,1085864
Natalie Ms. Cline,Democrat,West Virginia,1,No,No,31.0,81032,81881
Alex Mooney,Republican,West Virginia,2,Yes,Yes,63.1,2155978,864001
Catherine Kunkel,Democrat,West Virginia,2,No,No,36.9,641567,641567
Bryan Steil,Republican,Wisconsin,1,Yes,Yes,59.4,3500849,3151701
Roger Polack,Democrat,Wisconsin,1,No,No,40.7,536228,526431
Mark Pocan,Democrat,Wisconsin,2,Yes,Yes,69.7,1290582,1014628
Peter Theron,Republican,Wisconsin,2,No,No,30.3,35753,33977
Ron Kind,Democrat,Wisconsin,3,Yes,Yes,51.4,2989262,4435403
Derrick Van Orden,Republican,Wisconsin,3,No,No,48.6,1962443,1948639
Gwen Moore,Democrat,Wisconsin,4,Yes,Yes,74.7,1183995,1166739
Scott Fitzgerald,Republican,Wisconsin,5,No,Yes,60.2,1155721,968406
Tom Palzewicz,Democrat,Wisconsin,5,No,No,39.9,370392,371799
Glenn Grothman,Republican,Wisconsin,6,Yes,Yes,59.3,1815756,1736659
Jessica King,Democrat,Wisconsin,6,No,No,40.7,287753,245788
Tom Tiffany,Republican,Wisconsin,7,Yes,Yes,60.8,2637459,2514740
Tricia Zunker,Democrat,Wisconsin,7,No,No,39.2,1261957,1232690
Mike Gallagher,Republican,Wisconsin,8,Yes,Yes,64.0,3202905,2841801
Amanda Stuck,Democrat,Wisconsin,8,No,No,36.0,416978,399916
Liz Cheney,Republican,Wyoming,1,Yes,Yes,68.6,3003883,3060167
Lynnette Grey Bull,Democrat,Wyoming,1,No,No,24.6,134597,132235
